experiment,algorithm,n,extra,run_index,time_ns
search,linear,100,,0,51115
search,binary,100,,0,1200
search,linear,100,,1,3165
search,binary,100,,1,495
search,linear,100,,2,1895
search,binary,100,,2,545
search,linear,500,,0,12885
search,binary,500,,0,725
search,linear,500,,1,10525
search,binary,500,,1,635
search,linear,500,,2,3105
search,binary,500,,2,745
search,linear,1000,,0,6705
search,binary,1000,,0,1680
search,linear,1000,,1,3800
search,binary,1000,,1,885
search,linear,1000,,2,3425
search,binary,1000,,2,730
search,linear,5000,,0,23380
search,binary,5000,,0,1245
search,linear,5000,,1,14380
search,binary,5000,,1,685
search,linear,5000,,2,12620
search,binary,5000,,2,685
search,linear,10000,,0,76990
search,binary,10000,,0,1540
search,linear,10000,,1,35270
search,binary,10000,,1,950
search,linear,10000,,2,25780
search,binary,10000,,2,195
sort,selection,100,,0,1355400
sort,insertion,100,,0,112400
sort,merge,100,,0,76400
sort,quick,100,,0,150500
sort,selection,100,,1,1543300
sort,insertion,100,,1,235700
sort,merge,100,,1,147200
sort,quick,100,,1,194700
sort,selection,100,,2,1720700
sort,insertion,100,,2,342700
sort,merge,100,,2,228800
sort,quick,100,,2,238300
sort,selection,500,,0,2389900
sort,insertion,500,,0,2359200
sort,merge,500,,0,351600
sort,quick,500,,0,243700
sort,selection,500,,1,3697500
sort,insertion,500,,1,3412000
sort,merge,500,,1,608500
sort,quick,500,,1,491800
sort,selection,500,,2,5349100
sort,insertion,500,,2,4384100
sort,merge,500,,2,837300
sort,quick,500,,2,653000
sort,selection,1000,,0,21443000
sort,insertion,1000,,0,15290800
sort,merge,1000,,0,952800
sort,quick,1000,,0,251500
sort,selection,1000,,1,42112800
sort,insertion,1000,,1,16244000
sort,merge,1000,,1,1783700
sort,quick,1000,,1,370100
sort,selection,1000,,2,56857400
sort,insertion,1000,,2,17210400
sort,merge,1000,,2,2583300
sort,quick,1000,,2,473800
sort,selection,5000,,0,15760800
sort,insertion,5000,,0,21882700
sort,merge,5000,,0,5888900
sort,quick,5000,,0,655300
sort,selection,5000,,1,31831000
sort,insertion,5000,,1,43168500
sort,merge,5000,,1,8299400
sort,quick,5000,,1,1309300
sort,selection,5000,,2,48088700
sort,insertion,5000,,2,64919200
sort,merge,5000,,2,13255400
sort,quick,5000,,2,2063000
sort,selection,10000,,0,61883500
sort,insertion,10000,,0,93777600
sort,merge,10000,,0,4240400
sort,quick,10000,,0,2288800
sort,selection,10000,,1,129835000
sort,insertion,10000,,1,182671000
sort,merge,10000,,1,6387700
sort,quick,10000,,1,3640800
sort,selection,10000,,2,193058200
sort,insertion,10000,,2,271598100
sort,merge,10000,,2,8509500
sort,quick,10000,,2,4989400
hash,put_ts128,100,lf=0.78,0,3534700
hash,put_ts128,100,lf=0.78,1,183600
hash,put_ts128,100,lf=0.78,2,184100
hash,put_ts128,1000,lf=7.81,0,2183700
hash,put_ts128,1000,lf=7.81,1,845100
hash,put_ts128,1000,lf=7.81,2,562900
hash,put_ts128,5000,lf=39.06,0,17069400
hash,put_ts128,5000,lf=39.06,1,3691700
hash,put_ts128,5000,lf=39.06,2,2952900
hash,put_ts128,10000,lf=78.13,0,35959900
hash,put_ts128,10000,lf=78.13,1,29700800
hash,put_ts128,10000,lf=78.13,2,26103200
hash,put_ts128,20000,lf=156.25,0,360250300
hash,put_ts128,20000,lf=156.25,1,449655500
hash,put_ts128,20000,lf=156.25,2,482509800
hash,put_ts1024,100,lf=0.10,0,168600
hash,put_ts1024,100,lf=0.10,1,124900
hash,put_ts1024,100,lf=0.10,2,101700
hash,put_ts1024,1000,lf=0.98,0,182400
hash,put_ts1024,1000,lf=0.98,1,145500
hash,put_ts1024,1000,lf=0.98,2,132400
hash,put_ts1024,5000,lf=4.88,0,315200
hash,put_ts1024,5000,lf=4.88,1,513700
hash,put_ts1024,5000,lf=4.88,2,625300
hash,put_ts1024,10000,lf=9.77,0,1401800
hash,put_ts1024,10000,lf=9.77,1,794400
hash,put_ts1024,10000,lf=9.77,2,810100
hash,put_ts1024,20000,lf=19.53,0,3373300
hash,put_ts1024,20000,lf=19.53,1,4493200
hash,put_ts1024,20000,lf=19.53,2,3429700
hash,put_ts8192,100,lf=0.01,0,117700
hash,put_ts8192,100,lf=0.01,1,126900
hash,put_ts8192,100,lf=0.01,2,103600
hash,put_ts8192,1000,lf=0.12,0,129100
hash,put_ts8192,1000,lf=0.12,1,95900
hash,put_ts8192,1000,lf=0.12,2,84700
hash,put_ts8192,5000,lf=0.61,0,431000
hash,put_ts8192,5000,lf=0.61,1,331600
hash,put_ts8192,5000,lf=0.61,2,348900
hash,put_ts8192,10000,lf=1.22,0,654000
hash,put_ts8192,10000,lf=1.22,1,675900
hash,put_ts8192,10000,lf=1.22,2,704400
hash,put_ts8192,20000,lf=2.44,0,1109100
hash,put_ts8192,20000,lf=2.44,1,978100
hash,put_ts8192,20000,lf=2.44,2,1530500
tree,bst_insert,100,,0,1721500
tree,avl_insert,100,,0,945500
tree,bst_insert,100,,1,486900
tree,avl_insert,100,,1,363500
tree,bst_insert,100,,2,483200
tree,avl_insert,100,,2,454500
tree,bst_insert,500,,0,2608600
tree,avl_insert,500,,0,1399400
tree,bst_insert,500,,1,1796300
tree,avl_insert,500,,1,724800
tree,bst_insert,500,,2,1682700
tree,avl_insert,500,,2,699500
tree,bst_insert,1000,,0,5966900
tree,avl_insert,1000,,0,604200
tree,bst_insert,1000,,1,6773200
tree,avl_insert,1000,,1,615000
tree,bst_insert,1000,,2,5601000
tree,avl_insert,1000,,2,308100
tree,bst_insert,5000,,0,125817200
tree,avl_insert,5000,,0,1912400
tree,bst_insert,5000,,1,130908000
tree,avl_insert,5000,,1,1510700
tree,bst_insert,5000,,2,133319700
tree,avl_insert,5000,,2,1123200
tree,bst_insert,10000,,0,400747700
tree,avl_insert,10000,,0,2228600
tree,bst_insert,10000,,1,467635800
tree,avl_insert,10000,,1,2222900
tree,bst_insert,10000,,2,400771700
tree,avl_insert,10000,,2,1997500
heap,insert,100,,0,288800
heap,extract,100,,0,296500
heap,insert,100,,1,166600
heap,extract,100,,1,147100
heap,insert,100,,2,101000
heap,extract,100,,2,80500
heap,insert,1000,,0,1545800
heap,extract,1000,,0,1468600
heap,insert,1000,,1,683100
heap,extract,1000,,1,491700
heap,insert,1000,,2,488600
heap,extract,1000,,2,383700
heap,insert,5000,,0,2992500
heap,extract,5000,,0,2108400
heap,insert,5000,,1,2902200
heap,extract,5000,,1,1894800
heap,insert,5000,,2,2144500
heap,extract,5000,,2,1626000
heap,insert,10000,,0,3143300
heap,extract,10000,,0,2328400
heap,insert,10000,,1,3258500
heap,extract,10000,,1,2613000
heap,insert,10000,,2,2801900
heap,extract,10000,,2,2230100
heap,insert,20000,,0,5971200
heap,extract,20000,,0,4973100
heap,insert,20000,,1,6779800
heap,extract,20000,,1,5983900
heap,insert,20000,,2,4352900
heap,extract,20000,,2,3607600
graph,bfs,50,,0,2297100
graph,dfs,50,,0,1095800
graph,dijkstra,50,,0,2583700
graph,mst,50,,0,6217700
graph,bfs,50,,1,2523100
graph,dfs,50,,1,1277100
graph,dijkstra,50,,1,2901500
graph,mst,50,,1,7226900
graph,bfs,50,,2,2702800
graph,dfs,50,,2,1440200
graph,dijkstra,50,,2,3197800
graph,mst,50,,2,8703400
graph,bfs,100,,0,425600
graph,dfs,100,,0,553500
graph,dijkstra,100,,0,169500
graph,mst,100,,0,2616800
graph,bfs,100,,1,699100
graph,dfs,100,,1,798800
graph,dijkstra,100,,1,530200
graph,mst,100,,1,3598600
graph,bfs,100,,2,864900
graph,dfs,100,,2,973900
graph,dijkstra,100,,2,730500
graph,mst,100,,2,4457600
graph,bfs,200,,0,438000
graph,dfs,200,,0,340800
graph,dijkstra,200,,0,238400
graph,mst,200,,0,1593100
graph,bfs,200,,1,724400
graph,dfs,200,,1,612100
graph,dijkstra,200,,1,408100
graph,mst,200,,1,2817200
graph,bfs,200,,2,1004900
graph,dfs,200,,2,874300
graph,dijkstra,200,,2,740800
graph,mst,200,,2,4195900
graph,bfs,500,,0,1438000
graph,dfs,500,,0,1465600
graph,dijkstra,500,,0,1350400
graph,mst,500,,0,5052100
graph,bfs,500,,1,2144900
graph,dfs,500,,1,2173300
graph,dijkstra,500,,1,2694500
graph,mst,500,,1,8510100
graph,bfs,500,,2,2844900
graph,dfs,500,,2,2857600
graph,dijkstra,500,,2,4037100
graph,mst,500,,2,11425000
